Energy (keV),Field (T),Temperature (K),Rate (1/s)
3.0000000000e-02,2.5000000000e-03,0.0000000000e+00,2.0000000000e+01
3.0000000000e-02,2.5000000000e-03,1.6666666667e+00,2.0000000000e+01
3.0000000000e-02,2.5000000000e-03,3.3333333333e+00,2.0000000000e+01
3.0000000000e-02,2.5000000000e-03,5.0000000000e+00,2.0000000000e+01
3.0000000000e-02,2.5000000000e-03,6.6666666667e+00,2.0000000000e+01
3.0000000000e-02,2.5000000000e-03,8.3333333333e+00,2.0000000000e+01
3.0000000000e-02,2.5000000000e-03,1.0000000000e+01,2.0000000000e+01
3.0000000000e-02,2.5000000000e-03,1.1666666667e+01,2.0000000000e+01
3.0000000000e-02,2.5000000000e-03,1.3333333333e+01,2.0000000000e+01
3.0000000000e-02,2.5000000000e-03,1.5000000000e+01,2.0000000000e+01
3.0000000000e-02,5.0000000000e-03,0.0000000000e+00,2.0000000000e+01
3.0000000000e-02,5.0000000000e-03,1.6666666667e+00,2.0000000000e+01
3.0000000000e-02,5.0000000000e-03,3.3333333333e+00,2.0000000000e+01
3.0000000000e-02,5.0000000000e-03,5.0000000000e+00,2.0000000000e+01
3.0000000000e-02,5.0000000000e-03,6.6666666667e+00,2.0000000000e+01
3.0000000000e-02,5.0000000000e-03,8.3333333333e+00,2.0000000000e+01
3.0000000000e-02,5.0000000000e-03,1.0000000000e+01,2.0000000000e+01
3.0000000000e-02,5.0000000000e-03,1.1666666667e+01,2.0000000000e+01
3.0000000000e-02,5.0000000000e-03,1.3333333333e+01,2.0000000000e+01
3.0000000000e-02,5.0000000000e-03,1.5000000000e+01,2.0000000000e+01
3.0000000000e-02,7.5000000000e-03,0.0000000000e+00,2.0000000000e+01
3.0000000000e-02,7.5000000000e-03,1.6666666667e+00,2.0000000000e+01
3.0000000000e-02,7.5000000000e-03,3.3333333333e+00,2.0000000000e+01
3.0000000000e-02,7.5000000000e-03,5.0000000000e+00,2.0000000000e+01
3.0000000000e-02,7.5000000000e-03,6.6666666667e+00,2.0000000000e+01
3.0000000000e-02,7.5000000000e-03,8.3333333333e+00,2.0000000000e+01
3.0000000000e-02,7.5000000000e-03,1.0000000000e+01,2.0000000000e+01
3.0000000000e-02,7.5000000000e-03,1.1666666667e+01,2.0000000000e+01
3.0000000000e-02,7.5000000000e-03,1.3333333333e+01,2.0000000000e+01
3.0000000000e-02,7.5000000000e-03,1.5000000000e+01,2.0000000000e+01
3.0000000000e-02,1.0000000000e-02,0.0000000000e+00,2.0000000000e+01
3.0000000000e-02,1.0000000000e-02,1.6666666667e+00,2.0000000000e+01
3.0000000000e-02,1.0000000000e-02,3.3333333333e+00,2.0000000000e+01
3.0000000000e-02,1.0000000000e-02,5.0000000000e+00,2.0000000000e+01
3.0000000000e-02,1.0000000000e-02,6.6666666667e+00,2.0000000000e+01
3.0000000000e-02,1.0000000000e-02,8.3333333333e+00,2.0000000000e+01
3.0000000000e-02,1.0000000000e-02,1.0000000000e+01,2.0000000000e+01
3.0000000000e-02,1.0000000000e-02,1.1666666667e+01,2.0000000000e+01
3.0000000000e-02,1.0000000000e-02,1.3333333333e+01,2.0000000000e+01
3.0000000000e-02,1.0000000000e-02,1.5000000000e+01,2.0000000000e+01
3.0000000000e-02,1.2500000000e-02,0.0000000000e+00,2.0000000000e+01
3.0000000000e-02,1.2500000000e-02,1.6666666667e+00,2.0000000000e+01
3.0000000000e-02,1.2500000000e-02,3.3333333333e+00,2.0000000000e+01
3.0000000000e-02,1.2500000000e-02,5.0000000000e+00,2.0000000000e+01
3.0000000000e-02,1.2500000000e-02,6.6666666667e+00,2.0000000000e+01
3.0000000000e-02,1.2500000000e-02,8.3333333333e+00,2.0000000000e+01
3.0000000000e-02,1.2500000000e-02,1.0000000000e+01,2.0000000000e+01
3.0000000000e-02,1.2500000000e-02,1.1666666667e+01,2.0000000000e+01
3.0000000000e-02,1.2500000000e-02,1.3333333333e+01,2.0000000000e+01
3.0000000000e-02,1.2500000000e-02,1.5000000000e+01,2.0000000000e+01
3.0000000000e-02,1.5000000000e-02,0.0000000000e+00,2.0000000000e+01
3.0000000000e-02,1.5000000000e-02,1.6666666667e+00,2.0000000000e+01
3.0000000000e-02,1.5000000000e-02,3.3333333333e+00,2.0000000000e+01
3.0000000000e-02,1.5000000000e-02,5.0000000000e+00,2.0000000000e+01
3.0000000000e-02,1.5000000000e-02,6.6666666667e+00,2.0000000000e+01
3.0000000000e-02,1.5000000000e-02,8.3333333333e+00,2.0000000000e+01
3.0000000000e-02,1.5000000000e-02,1.0000000000e+01,2.0000000000e+01
3.0000000000e-02,1.5000000000e-02,1.1666666667e+01,2.0000000000e+01
3.0000000000e-02,1.5000000000e-02,1.3333333333e+01,2.0000000000e+01
3.0000000000e-02,1.5000000000e-02,1.5000000000e+01,2.0000000000e+01
3.0000000000e-02,1.7500000000e-02,0.0000000000e+00,2.0000000000e+01
3.0000000000e-02,1.7500000000e-02,1.6666666667e+00,2.0000000000e+01
3.0000000000e-02,1.7500000000e-02,3.3333333333e+00,2.0000000000e+01
3.0000000000e-02,1.7500000000e-02,5.0000000000e+00,2.0000000000e+01
3.0000000000e-02,1.7500000000e-02,6.6666666667e+00,2.0000000000e+01
3.0000000000e-02,1.7500000000e-02,8.3333333333e+00,2.0000000000e+01
3.0000000000e-02,1.7500000000e-02,1.0000000000e+01,2.0000000000e+01
3.0000000000e-02,1.7500000000e-02,1.1666666667e+01,2.0000000000e+01
3.0000000000e-02,1.7500000000e-02,1.3333333333e+01,2.0000000000e+01
3.0000000000e-02,1.7500000000e-02,1.5000000000e+01,2.0000000000e+01
3.0000000000e-02,2.0000000000e-02,0.0000000000e+00,2.0000000000e+01
3.0000000000e-02,2.0000000000e-02,1.6666666667e+00,2.0000000000e+01
3.0000000000e-02,2.0000000000e-02,3.3333333333e+00,2.0000000000e+01
3.0000000000e-02,2.0000000000e-02,5.0000000000e+00,2.0000000000e+01
3.0000000000e-02,2.0000000000e-02,6.6666666667e+00,2.0000000000e+01
3.0000000000e-02,2.0000000000e-02,8.3333333333e+00,2.0000000000e+01
3.0000000000e-02,2.0000000000e-02,1.0000000000e+01,2.0000000000e+01
3.0000000000e-02,2.0000000000e-02,1.1666666667e+01,2.0000000000e+01
3.0000000000e-02,2.0000000000e-02,1.3333333333e+01,2.0000000000e+01
3.0000000000e-02,2.0000000000e-02,1.5000000000e+01,2.0000000000e+01
3.0000000000e-02,2.2500000000e-02,0.0000000000e+00,2.0000000000e+01
3.0000000000e-02,2.2500000000e-02,1.6666666667e+00,2.0000000000e+01
3.0000000000e-02,2.2500000000e-02,3.3333333333e+00,2.0000000000e+01
3.0000000000e-02,2.2500000000e-02,5.0000000000e+00,2.0000000000e+01
3.0000000000e-02,2.2500000000e-02,6.6666666667e+00,2.0000000000e+01
3.0000000000e-02,2.2500000000e-02,8.3333333333e+00,2.0000000000e+01
3.0000000000e-02,2.2500000000e-02,1.0000000000e+01,2.0000000000e+01
3.0000000000e-02,2.2500000000e-02,1.1666666667e+01,2.0000000000e+01
3.0000000000e-02,2.2500000000e-02,1.3333333333e+01,2.0000000000e+01
3.0000000000e-02,2.2500000000e-02,1.5000000000e+01,2.0000000000e+01
3.0000000000e-02,2.5000000000e-02,0.0000000000e+00,2.0000000000e+01
3.0000000000e-02,2.5000000000e-02,1.6666666667e+00,2.0000000000e+01
3.0000000000e-02,2.5000000000e-02,3.3333333333e+00,2.0000000000e+01
3.0000000000e-02,2.5000000000e-02,5.0000000000e+00,2.0000000000e+01
3.0000000000e-02,2.5000000000e-02,6.6666666667e+00,2.0000000000e+01
3.0000000000e-02,2.5000000000e-02,8.3333333333e+00,2.0000000000e+01
3.0000000000e-02,2.5000000000e-02,1.0000000000e+01,2.0000000000e+01
3.0000000000e-02,2.5000000000e-02,1.1666666667e+01,2.0000000000e+01
3.0000000000e-02,2.5000000000e-02,1.3333333333e+01,2.0000000000e+01
3.0000000000e-02,2.5000000000e-02,1.5000000000e+01,2.0000000000e+01
3.3544444444e+00,2.5000000000e-03,0.0000000000e+00,6.4613466591e+00
3.3544444444e+00,2.5000000000e-03,1.6666666667e+00,7.3075124929e+00
3.3544444444e+00,2.5000000000e-03,3.3333333333e+00,8.1536783267e+00
3.3544444444e+00,2.5000000000e-03,5.0000000000e+00,8.9998441605e+00
3.3544444444e+00,2.5000000000e-03,6.6666666667e+00,9.8460099943e+00
3.3544444444e+00,2.5000000000e-03,8.3333333333e+00,1.0692175828e+01
3.3544444444e+00,2.5000000000e-03,1.0000000000e+01,1.1538341662e+01
3.3544444444e+00,2.5000000000e-03,1.1666666667e+01,1.2384507496e+01
3.3544444444e+00,2.5000000000e-03,1.3333333333e+01,1.3230673330e+01
3.3544444444e+00,2.5000000000e-03,1.5000000000e+01,1.4076839163e+01
3.3544444444e+00,5.0000000000e-03,0.0000000000e+00,6.4613466590e+00
3.3544444444e+00,5.0000000000e-03,1.6666666667e+00,7.3075124928e+00
3.3544444444e+00,5.0000000000e-03,3.3333333333e+00,8.1536783267e+00
3.3544444444e+00,5.0000000000e-03,5.0000000000e+00,8.9998441605e+00
3.3544444444e+00,5.0000000000e-03,6.6666666667e+00,9.8460099943e+00
3.3544444444e+00,5.0000000000e-03,8.3333333333e+00,1.0692175828e+01
3.3544444444e+00,5.0000000000e-03,1.0000000000e+01,1.1538341662e+01
3.3544444444e+00,5.0000000000e-03,1.1666666667e+01,1.2384507496e+01
3.3544444444e+00,5.0000000000e-03,1.3333333333e+01,1.3230673330e+01
3.3544444444e+00,5.0000000000e-03,1.5000000000e+01,1.4076839163e+01
3.3544444444e+00,7.5000000000e-03,0.0000000000e+00,6.4613466590e+00
3.3544444444e+00,7.5000000000e-03,1.6666666667e+00,7.3075124928e+00
3.3544444444e+00,7.5000000000e-03,3.3333333333e+00,8.1536783267e+00
3.3544444444e+00,7.5000000000e-03,5.0000000000e+00,8.9998441605e+00
3.3544444444e+00,7.5000000000e-03,6.6666666667e+00,9.8460099943e+00
3.3544444444e+00,7.5000000000e-03,8.3333333333e+00,1.0692175828e+01
3.3544444444e+00,7.5000000000e-03,1.0000000000e+01,1.1538341662e+01
3.3544444444e+00,7.5000000000e-03,1.1666666667e+01,1.2384507496e+01
3.3544444444e+00,7.5000000000e-03,1.3333333333e+01,1.3230673330e+01
3.3544444444e+00,7.5000000000e-03,1.5000000000e+01,1.4076839163e+01
3.3544444444e+00,1.0000000000e-02,0.0000000000e+00,6.4613466590e+00
3.3544444444e+00,1.0000000000e-02,1.6666666667e+00,7.3075124928e+00
3.3544444444e+00,1.0000000000e-02,3.3333333333e+00,8.1536783266e+00
3.3544444444e+00,1.0000000000e-02,5.0000000000e+00,8.9998441605e+00
3.3544444444e+00,1.0000000000e-02,6.6666666667e+00,9.8460099943e+00
3.3544444444e+00,1.0000000000e-02,8.3333333333e+00,1.0692175828e+01
3.3544444444e+00,1.0000000000e-02,1.0000000000e+01,1.1538341662e+01
3.3544444444e+00,1.0000000000e-02,1.1666666667e+01,1.2384507496e+01
3.3544444444e+00,1.0000000000e-02,1.3333333333e+01,1.3230673330e+01
3.3544444444e+00,1.0000000000e-02,1.5000000000e+01,1.4076839163e+01
3.3544444444e+00,1.2500000000e-02,0.0000000000e+00,6.4613466590e+00
3.3544444444e+00,1.2500000000e-02,1.6666666667e+00,7.3075124928e+00
3.3544444444e+00,1.2500000000e-02,3.3333333333e+00,8.1536783266e+00
3.3544444444e+00,1.2500000000e-02,5.0000000000e+00,8.9998441605e+00
3.3544444444e+00,1.2500000000e-02,6.6666666667e+00,9.8460099943e+00
3.3544444444e+00,1.2500000000e-02,8.3333333333e+00,1.0692175828e+01
3.3544444444e+00,1.2500000000e-02,1.0000000000e+01,1.1538341662e+01
3.3544444444e+00,1.2500000000e-02,1.1666666667e+01,1.2384507496e+01
3.3544444444e+00,1.2500000000e-02,1.3333333333e+01,1.3230673330e+01
3.3544444444e+00,1.2500000000e-02,1.5000000000e+01,1.4076839163e+01
3.3544444444e+00,1.5000000000e-02,0.0000000000e+00,6.4613466590e+00
3.3544444444e+00,1.5000000000e-02,1.6666666667e+00,7.3075124928e+00
3.3544444444e+00,1.5000000000e-02,3.3333333333e+00,8.1536783266e+00
3.3544444444e+00,1.5000000000e-02,5.0000000000e+00,8.9998441605e+00
3.3544444444e+00,1.5000000000e-02,6.6666666667e+00,9.8460099943e+00
3.3544444444e+00,1.5000000000e-02,8.3333333333e+00,1.0692175828e+01
3.3544444444e+00,1.5000000000e-02,1.0000000000e+01,1.1538341662e+01
3.3544444444e+00,1.5000000000e-02,1.1666666667e+01,1.2384507496e+01
3.3544444444e+00,1.5000000000e-02,1.3333333333e+01,1.3230673330e+01
3.3544444444e+00,1.5000000000e-02,1.5000000000e+01,1.4076839163e+01
3.3544444444e+00,1.7500000000e-02,0.0000000000e+00,6.4613466590e+00
3.3544444444e+00,1.7500000000e-02,1.6666666667e+00,7.3075124928e+00
3.3544444444e+00,1.7500000000e-02,3.3333333333e+00,8.1536783266e+00
3.3544444444e+00,1.7500000000e-02,5.0000000000e+00,8.9998441605e+00
3.3544444444e+00,1.7500000000e-02,6.6666666667e+00,9.8460099943e+00
3.3544444444e+00,1.7500000000e-02,8.3333333333e+00,1.0692175828e+01
3.3544444444e+00,1.7500000000e-02,1.0000000000e+01,1.1538341662e+01
3.3544444444e+00,1.7500000000e-02,1.1666666667e+01,1.2384507496e+01
3.3544444444e+00,1.7500000000e-02,1.3333333333e+01,1.3230673330e+01
3.3544444444e+00,1.7500000000e-02,1.5000000000e+01,1.4076839163e+01
3.3544444444e+00,2.0000000000e-02,0.0000000000e+00,6.4613466590e+00
3.3544444444e+00,2.0000000000e-02,1.6666666667e+00,7.3075124928e+00
3.3544444444e+00,2.0000000000e-02,3.3333333333e+00,8.1536783266e+00
3.3544444444e+00,2.0000000000e-02,5.0000000000e+00,8.9998441605e+00
3.3544444444e+00,2.0000000000e-02,6.6666666667e+00,9.8460099943e+00
3.3544444444e+00,2.0000000000e-02,8.3333333333e+00,1.0692175828e+01
3.3544444444e+00,2.0000000000e-02,1.0000000000e+01,1.1538341662e+01
3.3544444444e+00,2.0000000000e-02,1.1666666667e+01,1.2384507496e+01
3.3544444444e+00,2.0000000000e-02,1.3333333333e+01,1.3230673330e+01
3.3544444444e+00,2.0000000000e-02,1.5000000000e+01,1.4076839163e+01
3.3544444444e+00,2.2500000000e-02,0.0000000000e+00,6.4613466590e+00
3.3544444444e+00,2.2500000000e-02,1.6666666667e+00,7.3075124928e+00
3.3544444444e+00,2.2500000000e-02,3.3333333333e+00,8.1536783266e+00
3.3544444444e+00,2.2500000000e-02,5.0000000000e+00,8.9998441605e+00
3.3544444444e+00,2.2500000000e-02,6.6666666667e+00,9.8460099943e+00
3.3544444444e+00,2.2500000000e-02,8.3333333333e+00,1.0692175828e+01
3.3544444444e+00,2.2500000000e-02,1.0000000000e+01,1.1538341662e+01
3.3544444444e+00,2.2500000000e-02,1.1666666667e+01,1.2384507496e+01
3.3544444444e+00,2.2500000000e-02,1.3333333333e+01,1.3230673330e+01
3.3544444444e+00,2.2500000000e-02,1.5000000000e+01,1.4076839163e+01
3.3544444444e+00,2.5000000000e-02,0.0000000000e+00,6.4613466590e+00
3.3544444444e+00,2.5000000000e-02,1.6666666667e+00,7.3075124928e+00
3.3544444444e+00,2.5000000000e-02,3.3333333333e+00,8.1536783266e+00
3.3544444444e+00,2.5000000000e-02,5.0000000000e+00,8.9998441605e+00
3.3544444444e+00,2.5000000000e-02,6.6666666667e+00,9.8460099943e+00
3.3544444444e+00,2.5000000000e-02,8.3333333333e+00,1.0692175828e+01
3.3544444444e+00,2.5000000000e-02,1.0000000000e+01,1.1538341662e+01
3.3544444444e+00,2.5000000000e-02,1.1666666667e+01,1.2384507496e+01
3.3544444444e+00,2.5000000000e-02,1.3333333333e+01,1.3230673330e+01
3.3544444444e+00,2.5000000000e-02,1.5000000000e+01,1.4076839163e+01
6.6788888889e+00,2.5000000000e-03,0.0000000000e+00,2.6142167835e+00
6.6788888889e+00,2.5000000000e-03,1.6666666667e+00,3.7008282345e+00
6.6788888889e+00,2.5000000000e-03,3.3333333333e+00,4.7874396856e+00
6.6788888889e+00,2.5000000000e-03,5.0000000000e+00,5.8740511366e+00
6.6788888889e+00,2.5000000000e-03,6.6666666667e+00,6.9606625876e+00
6.6788888889e+00,2.5000000000e-03,8.3333333333e+00,8.0472740386e+00
6.6788888889e+00,2.5000000000e-03,1.0000000000e+01,9.1338854896e+00
6.6788888889e+00,2.5000000000e-03,1.1666666667e+01,1.0220496941e+01
6.6788888889e+00,2.5000000000e-03,1.3333333333e+01,1.1307108392e+01
6.6788888889e+00,2.5000000000e-03,1.5000000000e+01,1.2393719843e+01
6.6788888889e+00,5.0000000000e-03,0.0000000000e+00,2.6142167834e+00
6.6788888889e+00,5.0000000000e-03,1.6666666667e+00,3.7008282344e+00
6.6788888889e+00,5.0000000000e-03,3.3333333333e+00,4.7874396855e+00
6.6788888889e+00,5.0000000000e-03,5.0000000000e+00,5.8740511365e+00
6.6788888889e+00,5.0000000000e-03,6.6666666667e+00,6.9606625875e+00
6.6788888889e+00,5.0000000000e-03,8.3333333333e+00,8.0472740386e+00
6.6788888889e+00,5.0000000000e-03,1.0000000000e+01,9.1338854896e+00
6.6788888889e+00,5.0000000000e-03,1.1666666667e+01,1.0220496941e+01
6.6788888889e+00,5.0000000000e-03,1.3333333333e+01,1.1307108392e+01
6.6788888889e+00,5.0000000000e-03,1.5000000000e+01,1.2393719843e+01
6.6788888889e+00,7.5000000000e-03,0.0000000000e+00,2.6142167834e+00
6.6788888889e+00,7.5000000000e-03,1.6666666667e+00,3.7008282344e+00
6.6788888889e+00,7.5000000000e-03,3.3333333333e+00,4.7874396854e+00
6.6788888889e+00,7.5000000000e-03,5.0000000000e+00,5.8740511365e+00
6.6788888889e+00,7.5000000000e-03,6.6666666667e+00,6.9606625875e+00
6.6788888889e+00,7.5000000000e-03,8.3333333333e+00,8.0472740386e+00
6.6788888889e+00,7.5000000000e-03,1.0000000000e+01,9.1338854896e+00
6.6788888889e+00,7.5000000000e-03,1.1666666667e+01,1.0220496941e+01
6.6788888889e+00,7.5000000000e-03,1.3333333333e+01,1.1307108392e+01
6.6788888889e+00,7.5000000000e-03,1.5000000000e+01,1.2393719843e+01
6.6788888889e+00,1.0000000000e-02,0.0000000000e+00,2.6142167834e+00
6.6788888889e+00,1.0000000000e-02,1.6666666667e+00,3.7008282344e+00
6.6788888889e+00,1.0000000000e-02,3.3333333333e+00,4.7874396854e+00
6.6788888889e+00,1.0000000000e-02,5.0000000000e+00,5.8740511365e+00
6.6788888889e+00,1.0000000000e-02,6.6666666667e+00,6.9606625875e+00
6.6788888889e+00,1.0000000000e-02,8.3333333333e+00,8.0472740386e+00
6.6788888889e+00,1.0000000000e-02,1.0000000000e+01,9.1338854896e+00
6.6788888889e+00,1.0000000000e-02,1.1666666667e+01,1.0220496941e+01
6.6788888889e+00,1.0000000000e-02,1.3333333333e+01,1.1307108392e+01
6.6788888889e+00,1.0000000000e-02,1.5000000000e+01,1.2393719843e+01
6.6788888889e+00,1.2500000000e-02,0.0000000000e+00,2.6142167834e+00
6.6788888889e+00,1.2500000000e-02,1.6666666667e+00,3.7008282344e+00
6.6788888889e+00,1.2500000000e-02,3.3333333333e+00,4.7874396854e+00
6.6788888889e+00,1.2500000000e-02,5.0000000000e+00,5.8740511365e+00
6.6788888889e+00,1.2500000000e-02,6.6666666667e+00,6.9606625875e+00
6.6788888889e+00,1.2500000000e-02,8.3333333333e+00,8.0472740386e+00
6.6788888889e+00,1.2500000000e-02,1.0000000000e+01,9.1338854896e+00
6.6788888889e+00,1.2500000000e-02,1.1666666667e+01,1.0220496941e+01
6.6788888889e+00,1.2500000000e-02,1.3333333333e+01,1.1307108392e+01
6.6788888889e+00,1.2500000000e-02,1.5000000000e+01,1.2393719843e+01
6.6788888889e+00,1.5000000000e-02,0.0000000000e+00,2.6142167834e+00
6.6788888889e+00,1.5000000000e-02,1.6666666667e+00,3.7008282344e+00
6.6788888889e+00,1.5000000000e-02,3.3333333333e+00,4.7874396854e+00
6.6788888889e+00,1.5000000000e-02,5.0000000000e+00,5.8740511365e+00
6.6788888889e+00,1.5000000000e-02,6.6666666667e+00,6.9606625875e+00
6.6788888889e+00,1.5000000000e-02,8.3333333333e+00,8.0472740386e+00
6.6788888889e+00,1.5000000000e-02,1.0000000000e+01,9.1338854896e+00
6.6788888889e+00,1.5000000000e-02,1.1666666667e+01,1.0220496941e+01
6.6788888889e+00,1.5000000000e-02,1.3333333333e+01,1.1307108392e+01
6.6788888889e+00,1.5000000000e-02,1.5000000000e+01,1.2393719843e+01
6.6788888889e+00,1.7500000000e-02,0.0000000000e+00,2.6142167834e+00
6.6788888889e+00,1.7500000000e-02,1.6666666667e+00,3.7008282344e+00
6.6788888889e+00,1.7500000000e-02,3.3333333333e+00,4.7874396854e+00
6.6788888889e+00,1.7500000000e-02,5.0000000000e+00,5.8740511365e+00
6.6788888889e+00,1.7500000000e-02,6.6666666667e+00,6.9606625875e+00
6.6788888889e+00,1.7500000000e-02,8.3333333333e+00,8.0472740386e+00
6.6788888889e+00,1.7500000000e-02,1.0000000000e+01,9.1338854896e+00
6.6788888889e+00,1.7500000000e-02,1.1666666667e+01,1.0220496941e+01
6.6788888889e+00,1.7500000000e-02,1.3333333333e+01,1.1307108392e+01
6.6788888889e+00,1.7500000000e-02,1.5000000000e+01,1.2393719843e+01
6.6788888889e+00,2.0000000000e-02,0.0000000000e+00,2.6142167834e+00
6.6788888889e+00,2.0000000000e-02,1.6666666667e+00,3.7008282344e+00
6.6788888889e+00,2.0000000000e-02,3.3333333333e+00,4.7874396854e+00
6.6788888889e+00,2.0000000000e-02,5.0000000000e+00,5.8740511365e+00
6.6788888889e+00,2.0000000000e-02,6.6666666667e+00,6.9606625875e+00
6.6788888889e+00,2.0000000000e-02,8.3333333333e+00,8.0472740386e+00
6.6788888889e+00,2.0000000000e-02,1.0000000000e+01,9.1338854896e+00
6.6788888889e+00,2.0000000000e-02,1.1666666667e+01,1.0220496941e+01
6.6788888889e+00,2.0000000000e-02,1.3333333333e+01,1.1307108392e+01
6.6788888889e+00,2.0000000000e-02,1.5000000000e+01,1.2393719843e+01
6.6788888889e+00,2.2500000000e-02,0.0000000000e+00,2.6142167834e+00
6.6788888889e+00,2.2500000000e-02,1.6666666667e+00,3.7008282344e+00
6.6788888889e+00,2.2500000000e-02,3.3333333333e+00,4.7874396854e+00
6.6788888889e+00,2.2500000000e-02,5.0000000000e+00,5.8740511365e+00
6.6788888889e+00,2.2500000000e-02,6.6666666667e+00,6.9606625875e+00
6.6788888889e+00,2.2500000000e-02,8.3333333333e+00,8.0472740386e+00
6.6788888889e+00,2.2500000000e-02,1.0000000000e+01,9.1338854896e+00
6.6788888889e+00,2.2500000000e-02,1.1666666667e+01,1.0220496941e+01
6.6788888889e+00,2.2500000000e-02,1.3333333333e+01,1.1307108392e+01
6.6788888889e+00,2.2500000000e-02,1.5000000000e+01,1.2393719843e+01
6.6788888889e+00,2.5000000000e-02,0.0000000000e+00,2.6142167834e+00
6.6788888889e+00,2.5000000000e-02,1.6666666667e+00,3.7008282344e+00
6.6788888889e+00,2.5000000000e-02,3.3333333333e+00,4.7874396854e+00
6.6788888889e+00,2.5000000000e-02,5.0000000000e+00,5.8740511365e+00
6.6788888889e+00,2.5000000000e-02,6.6666666667e+00,6.9606625875e+00
6.6788888889e+00,2.5000000000e-02,8.3333333333e+00,8.0472740386e+00
6.6788888889e+00,2.5000000000e-02,1.0000000000e+01,9.1338854896e+00
6.6788888889e+00,2.5000000000e-02,1.1666666667e+01,1.0220496941e+01
6.6788888889e+00,2.5000000000e-02,1.3333333333e+01,1.1307108392e+01
6.6788888889e+00,2.5000000000e-02,1.5000000000e+01,1.2393719843e+01
1.0003333333e+01,2.5000000000e-03,0.0000000000e+00,1.3803598018e+00
1.0003333333e+01,2.5000000000e-03,1.6666666667e+00,2.5440873142e+00
1.0003333333e+01,2.5000000000e-03,3.3333333333e+00,3.7078148266e+00
1.0003333333e+01,2.5000000000e-03,5.0000000000e+00,4.8715423390e+00
1.0003333333e+01,2.5000000000e-03,6.6666666667e+00,6.0352698514e+00
1.0003333333e+01,2.5000000000e-03,8.3333333333e+00,7.1989973637e+00
1.0003333333e+01,2.5000000000e-03,1.0000000000e+01,8.3627248760e+00
1.0003333333e+01,2.5000000000e-03,1.1666666667e+01,9.5264523884e+00
1.0003333333e+01,2.5000000000e-03,1.3333333333e+01,1.0690179901e+01
1.0003333333e+01,2.5000000000e-03,1.5000000000e+01,1.1853907413e+01
1.0003333333e+01,5.0000000000e-03,0.0000000000e+00,1.3803598016e+00
1.0003333333e+01,5.0000000000e-03,1.6666666667e+00,2.5440873140e+00
1.0003333333e+01,5.0000000000e-03,3.3333333333e+00,3.7078148264e+00
1.0003333333e+01,5.0000000000e-03,5.0000000000e+00,4.8715423388e+00
1.0003333333e+01,5.0000000000e-03,6.6666666667e+00,6.0352698512e+00
1.0003333333e+01,5.0000000000e-03,8.3333333333e+00,7.1989973636e+00
1.0003333333e+01,5.0000000000e-03,1.0000000000e+01,8.3627248760e+00
1.0003333333e+01,5.0000000000e-03,1.1666666667e+01,9.5264523884e+00
1.0003333333e+01,5.0000000000e-03,1.3333333333e+01,1.0690179901e+01
1.0003333333e+01,5.0000000000e-03,1.5000000000e+01,1.1853907413e+01
1.0003333333e+01,7.5000000000e-03,0.0000000000e+00,1.3803598015e+00
1.0003333333e+01,7.5000000000e-03,1.6666666667e+00,2.5440873139e+00
1.0003333333e+01,7.5000000000e-03,3.3333333333e+00,3.7078148263e+00
1.0003333333e+01,7.5000000000e-03,5.0000000000e+00,4.8715423388e+00
1.0003333333e+01,7.5000000000e-03,6.6666666667e+00,6.0352698512e+00
1.0003333333e+01,7.5000000000e-03,8.3333333333e+00,7.1989973635e+00
1.0003333333e+01,7.5000000000e-03,1.0000000000e+01,8.3627248759e+00
1.0003333333e+01,7.5000000000e-03,1.1666666667e+01,9.5264523884e+00
1.0003333333e+01,7.5000000000e-03,1.3333333333e+01,1.0690179901e+01
1.0003333333e+01,7.5000000000e-03,1.5000000000e+01,1.1853907413e+01
1.0003333333e+01,1.0000000000e-02,0.0000000000e+00,1.3803598015e+00
1.0003333333e+01,1.0000000000e-02,1.6666666667e+00,2.5440873139e+00
1.0003333333e+01,1.0000000000e-02,3.3333333333e+00,3.7078148263e+00
1.0003333333e+01,1.0000000000e-02,5.0000000000e+00,4.8715423387e+00
1.0003333333e+01,1.0000000000e-02,6.6666666667e+00,6.0352698511e+00
1.0003333333e+01,1.0000000000e-02,8.3333333333e+00,7.1989973635e+00
1.0003333333e+01,1.0000000000e-02,1.0000000000e+01,8.3627248759e+00
1.0003333333e+01,1.0000000000e-02,1.1666666667e+01,9.5264523883e+00
1.0003333333e+01,1.0000000000e-02,1.3333333333e+01,1.0690179901e+01
1.0003333333e+01,1.0000000000e-02,1.5000000000e+01,1.1853907413e+01
1.0003333333e+01,1.2500000000e-02,0.0000000000e+00,1.3803598015e+00
1.0003333333e+01,1.2500000000e-02,1.6666666667e+00,2.5440873139e+00
1.0003333333e+01,1.2500000000e-02,3.3333333333e+00,3.7078148263e+00
1.0003333333e+01,1.2500000000e-02,5.0000000000e+00,4.8715423387e+00
1.0003333333e+01,1.2500000000e-02,6.6666666667e+00,6.0352698511e+00
1.0003333333e+01,1.2500000000e-02,8.3333333333e+00,7.1989973635e+00
1.0003333333e+01,1.2500000000e-02,1.0000000000e+01,8.3627248759e+00
1.0003333333e+01,1.2500000000e-02,1.1666666667e+01,9.5264523883e+00
1.0003333333e+01,1.2500000000e-02,1.3333333333e+01,1.0690179901e+01
1.0003333333e+01,1.2500000000e-02,1.5000000000e+01,1.1853907413e+01
1.0003333333e+01,1.5000000000e-02,0.0000000000e+00,1.3803598015e+00
1.0003333333e+01,1.5000000000e-02,1.6666666667e+00,2.5440873139e+00
1.0003333333e+01,1.5000000000e-02,3.3333333333e+00,3.7078148263e+00
1.0003333333e+01,1.5000000000e-02,5.0000000000e+00,4.8715423387e+00
1.0003333333e+01,1.5000000000e-02,6.6666666667e+00,6.0352698511e+00
1.0003333333e+01,1.5000000000e-02,8.3333333333e+00,7.1989973635e+00
1.0003333333e+01,1.5000000000e-02,1.0000000000e+01,8.3627248759e+00
1.0003333333e+01,1.5000000000e-02,1.1666666667e+01,9.5264523883e+00
1.0003333333e+01,1.5000000000e-02,1.3333333333e+01,1.0690179901e+01
1.0003333333e+01,1.5000000000e-02,1.5000000000e+01,1.1853907413e+01
1.0003333333e+01,1.7500000000e-02,0.0000000000e+00,1.3803598015e+00
1.0003333333e+01,1.7500000000e-02,1.6666666667e+00,2.5440873139e+00
1.0003333333e+01,1.7500000000e-02,3.3333333333e+00,3.7078148263e+00
1.0003333333e+01,1.7500000000e-02,5.0000000000e+00,4.8715423387e+00
1.0003333333e+01,1.7500000000e-02,6.6666666667e+00,6.0352698511e+00
1.0003333333e+01,1.7500000000e-02,8.3333333333e+00,7.1989973635e+00
1.0003333333e+01,1.7500000000e-02,1.0000000000e+01,8.3627248759e+00
1.0003333333e+01,1.7500000000e-02,1.1666666667e+01,9.5264523883e+00
1.0003333333e+01,1.7500000000e-02,1.3333333333e+01,1.0690179901e+01
1.0003333333e+01,1.7500000000e-02,1.5000000000e+01,1.1853907413e+01
1.0003333333e+01,2.0000000000e-02,0.0000000000e+00,1.3803598015e+00
1.0003333333e+01,2.0000000000e-02,1.6666666667e+00,2.5440873139e+00
1.0003333333e+01,2.0000000000e-02,3.3333333333e+00,3.7078148263e+00
1.0003333333e+01,2.0000000000e-02,5.0000000000e+00,4.8715423387e+00
1.0003333333e+01,2.0000000000e-02,6.6666666667e+00,6.0352698511e+00
1.0003333333e+01,2.0000000000e-02,8.3333333333e+00,7.1989973635e+00
1.0003333333e+01,2.0000000000e-02,1.0000000000e+01,8.3627248759e+00
1.0003333333e+01,2.0000000000e-02,1.1666666667e+01,9.5264523883e+00
1.0003333333e+01,2.0000000000e-02,1.3333333333e+01,1.0690179901e+01
1.0003333333e+01,2.0000000000e-02,1.5000000000e+01,1.1853907413e+01
1.0003333333e+01,2.2500000000e-02,0.0000000000e+00,1.3803598015e+00
1.0003333333e+01,2.2500000000e-02,1.6666666667e+00,2.5440873139e+00
1.0003333333e+01,2.2500000000e-02,3.3333333333e+00,3.7078148263e+00
1.0003333333e+01,2.2500000000e-02,5.0000000000e+00,4.8715423387e+00
1.0003333333e+01,2.2500000000e-02,6.6666666667e+00,6.0352698511e+00
1.0003333333e+01,2.2500000000e-02,8.3333333333e+00,7.1989973635e+00
1.0003333333e+01,2.2500000000e-02,1.0000000000e+01,8.3627248759e+00
1.0003333333e+01,2.2500000000e-02,1.1666666667e+01,9.5264523883e+00
1.0003333333e+01,2.2500000000e-02,1.3333333333e+01,1.0690179901e+01
1.0003333333e+01,2.2500000000e-02,1.5000000000e+01,1.1853907413e+01
1.0003333333e+01,2.5000000000e-02,0.0000000000e+00,1.3803598015e+00
1.0003333333e+01,2.5000000000e-02,1.6666666667e+00,2.5440873139e+00
1.0003333333e+01,2.5000000000e-02,3.3333333333e+00,3.7078148263e+00
1.0003333333e+01,2.5000000000e-02,5.0000000000e+00,4.8715423387e+00
1.0003333333e+01,2.5000000000e-02,6.6666666667e+00,6.0352698511e+00
1.0003333333e+01,2.5000000000e-02,8.3333333333e+00,7.1989973635e+00
1.0003333333e+01,2.5000000000e-02,1.0000000000e+01,8.3627248759e+00
1.0003333333e+01,2.5000000000e-02,1.1666666667e+01,9.5264523883e+00
1.0003333333e+01,2.5000000000e-02,1.3333333333e+01,1.0690179901e+01
1.0003333333e+01,2.5000000000e-02,1.5000000000e+01,1.1853907413e+01
1.3327777778e+01,2.5000000000e-03,0.0000000000e+00,9.1969214727e-01
1.3327777778e+01,2.5000000000e-03,1.6666666667e+00,2.1122113881e+00
1.3327777778e+01,2.5000000000e-03,3.3333333333e+00,3.3047306289e+00
1.3327777778e+01,2.5000000000e-03,5.0000000000e+00,4.4972498697e+00
1.3327777778e+01,2.5000000000e-03,6.6666666667e+00,5.6897691105e+00
1.3327777778e+01,2.5000000000e-03,8.3333333333e+00,6.8822883510e+00
1.3327777778e+01,2.5000000000e-03,1.0000000000e+01,8.0748075917e+00
1.3327777778e+01,2.5000000000e-03,1.1666666667e+01,9.2673268325e+00
1.3327777778e+01,2.5000000000e-03,1.3333333333e+01,1.0459846073e+01
1.3327777778e+01,2.5000000000e-03,1.5000000000e+01,1.1652365314e+01
1.3327777778e+01,5.0000000000e-03,0.0000000000e+00,9.1969214679e-01
1.3327777778e+01,5.0000000000e-03,1.6666666667e+00,2.1122113876e+00
1.3327777778e+01,5.0000000000e-03,3.3333333333e+00,3.3047306285e+00
1.3327777778e+01,5.0000000000e-03,5.0000000000e+00,4.4972498693e+00
1.3327777778e+01,5.0000000000e-03,6.6666666667e+00,5.6897691101e+00
1.3327777778e+01,5.0000000000e-03,8.3333333333e+00,6.8822883509e+00
1.3327777778e+01,5.0000000000e-03,1.0000000000e+01,8.0748075917e+00
1.3327777778e+01,5.0000000000e-03,1.1666666667e+01,9.2673268325e+00
1.3327777778e+01,5.0000000000e-03,1.3333333333e+01,1.0459846073e+01
1.3327777778e+01,5.0000000000e-03,1.5000000000e+01,1.1652365314e+01
1.3327777778e+01,7.5000000000e-03,0.0000000000e+00,9.1969214670e-01
1.3327777778e+01,7.5000000000e-03,1.6666666667e+00,2.1122113875e+00
1.3327777778e+01,7.5000000000e-03,3.3333333333e+00,3.3047306284e+00
1.3327777778e+01,7.5000000000e-03,5.0000000000e+00,4.4972498692e+00
1.3327777778e+01,7.5000000000e-03,6.6666666667e+00,5.6897691100e+00
1.3327777778e+01,7.5000000000e-03,8.3333333333e+00,6.8822883508e+00
1.3327777778e+01,7.5000000000e-03,1.0000000000e+01,8.0748075916e+00
1.3327777778e+01,7.5000000000e-03,1.1666666667e+01,9.2673268325e+00
1.3327777778e+01,7.5000000000e-03,1.3333333333e+01,1.0459846073e+01
1.3327777778e+01,7.5000000000e-03,1.5000000000e+01,1.1652365314e+01
1.3327777778e+01,1.0000000000e-02,0.0000000000e+00,9.1969214666e-01
1.3327777778e+01,1.0000000000e-02,1.6666666667e+00,2.1122113875e+00
1.3327777778e+01,1.0000000000e-02,3.3333333333e+00,3.3047306283e+00
1.3327777778e+01,1.0000000000e-02,5.0000000000e+00,4.4972498692e+00
1.3327777778e+01,1.0000000000e-02,6.6666666667e+00,5.6897691100e+00
1.3327777778e+01,1.0000000000e-02,8.3333333333e+00,6.8822883508e+00
1.3327777778e+01,1.0000000000e-02,1.0000000000e+01,8.0748075916e+00
1.3327777778e+01,1.0000000000e-02,1.1666666667e+01,9.2673268325e+00
1.3327777778e+01,1.0000000000e-02,1.3333333333e+01,1.0459846073e+01
1.3327777778e+01,1.0000000000e-02,1.5000000000e+01,1.1652365314e+01
1.3327777778e+01,1.2500000000e-02,0.0000000000e+00,9.1969214665e-01
1.3327777778e+01,1.2500000000e-02,1.6666666667e+00,2.1122113875e+00
1.3327777778e+01,1.2500000000e-02,3.3333333333e+00,3.3047306283e+00
1.3327777778e+01,1.2500000000e-02,5.0000000000e+00,4.4972498692e+00
1.3327777778e+01,1.2500000000e-02,6.6666666667e+00,5.6897691100e+00
1.3327777778e+01,1.2500000000e-02,8.3333333333e+00,6.8822883508e+00
1.3327777778e+01,1.2500000000e-02,1.0000000000e+01,8.0748075916e+00
1.3327777778e+01,1.2500000000e-02,1.1666666667e+01,9.2673268325e+00
1.3327777778e+01,1.2500000000e-02,1.3333333333e+01,1.0459846073e+01
1.3327777778e+01,1.2500000000e-02,1.5000000000e+01,1.1652365314e+01
1.3327777778e+01,1.5000000000e-02,0.0000000000e+00,9.1969214664e-01
1.3327777778e+01,1.5000000000e-02,1.6666666667e+00,2.1122113875e+00
1.3327777778e+01,1.5000000000e-02,3.3333333333e+00,3.3047306283e+00
1.3327777778e+01,1.5000000000e-02,5.0000000000e+00,4.4972498691e+00
1.3327777778e+01,1.5000000000e-02,6.6666666667e+00,5.6897691100e+00
1.3327777778e+01,1.5000000000e-02,8.3333333333e+00,6.8822883508e+00
1.3327777778e+01,1.5000000000e-02,1.0000000000e+01,8.0748075916e+00
1.3327777778e+01,1.5000000000e-02,1.1666666667e+01,9.2673268325e+00
1.3327777778e+01,1.5000000000e-02,1.3333333333e+01,1.0459846073e+01
1.3327777778e+01,1.5000000000e-02,1.5000000000e+01,1.1652365314e+01
1.3327777778e+01,1.7500000000e-02,0.0000000000e+00,9.1969214664e-01
1.3327777778e+01,1.7500000000e-02,1.6666666667e+00,2.1122113875e+00
1.3327777778e+01,1.7500000000e-02,3.3333333333e+00,3.3047306283e+00
1.3327777778e+01,1.7500000000e-02,5.0000000000e+00,4.4972498691e+00
1.3327777778e+01,1.7500000000e-02,6.6666666667e+00,5.6897691100e+00
1.3327777778e+01,1.7500000000e-02,8.3333333333e+00,6.8822883508e+00
1.3327777778e+01,1.7500000000e-02,1.0000000000e+01,8.0748075916e+00
1.3327777778e+01,1.7500000000e-02,1.1666666667e+01,9.2673268325e+00
1.3327777778e+01,1.7500000000e-02,1.3333333333e+01,1.0459846073e+01
1.3327777778e+01,1.7500000000e-02,1.5000000000e+01,1.1652365314e+01
1.3327777778e+01,2.0000000000e-02,0.0000000000e+00,9.1969214663e-01
1.3327777778e+01,2.0000000000e-02,1.6666666667e+00,2.1122113875e+00
1.3327777778e+01,2.0000000000e-02,3.3333333333e+00,3.3047306283e+00
1.3327777778e+01,2.0000000000e-02,5.0000000000e+00,4.4972498691e+00
1.3327777778e+01,2.0000000000e-02,6.6666666667e+00,5.6897691100e+00
1.3327777778e+01,2.0000000000e-02,8.3333333333e+00,6.8822883508e+00
1.3327777778e+01,2.0000000000e-02,1.0000000000e+01,8.0748075916e+00
1.3327777778e+01,2.0000000000e-02,1.1666666667e+01,9.2673268325e+00
1.3327777778e+01,2.0000000000e-02,1.3333333333e+01,1.0459846073e+01
1.3327777778e+01,2.0000000000e-02,1.5000000000e+01,1.1652365314e+01
1.3327777778e+01,2.2500000000e-02,0.0000000000e+00,9.1969214663e-01
1.3327777778e+01,2.2500000000e-02,1.6666666667e+00,2.1122113875e+00
1.3327777778e+01,2.2500000000e-02,3.3333333333e+00,3.3047306283e+00
1.3327777778e+01,2.2500000000e-02,5.0000000000e+00,4.4972498691e+00
1.3327777778e+01,2.2500000000e-02,6.6666666667e+00,5.6897691100e+00
1.3327777778e+01,2.2500000000e-02,8.3333333333e+00,6.8822883508e+00
1.3327777778e+01,2.2500000000e-02,1.0000000000e+01,8.0748075916e+00
1.3327777778e+01,2.2500000000e-02,1.1666666667e+01,9.2673268325e+00
1.3327777778e+01,2.2500000000e-02,1.3333333333e+01,1.0459846073e+01
1.3327777778e+01,2.2500000000e-02,1.5000000000e+01,1.1652365314e+01
1.3327777778e+01,2.5000000000e-02,0.0000000000e+00,9.1969214663e-01
1.3327777778e+01,2.5000000000e-02,1.6666666667e+00,2.1122113875e+00
1.3327777778e+01,2.5000000000e-02,3.3333333333e+00,3.3047306283e+00
1.3327777778e+01,2.5000000000e-02,5.0000000000e+00,4.4972498691e+00
1.3327777778e+01,2.5000000000e-02,6.6666666667e+00,5.6897691100e+00
1.3327777778e+01,2.5000000000e-02,8.3333333333e+00,6.8822883508e+00
1.3327777778e+01,2.5000000000e-02,1.0000000000e+01,8.0748075916e+00
1.3327777778e+01,2.5000000000e-02,1.1666666667e+01,9.2673268325e+00
1.3327777778e+01,2.5000000000e-02,1.3333333333e+01,1.0459846073e+01
1.3327777778e+01,2.5000000000e-02,1.5000000000e+01,1.1652365314e+01
1.6652222222e+01,2.5000000000e-03,0.0000000000e+00,5.6028661263e-01
1.6652222222e+01,2.5000000000e-03,1.6666666667e+00,1.7752686994e+00
1.6652222222e+01,2.5000000000e-03,3.3333333333e+00,2.9902507862e+00
1.6652222222e+01,2.5000000000e-03,5.0000000000e+00,4.2052328729e+00
1.6652222222e+01,2.5000000000e-03,6.6666666667e+00,5.4202149594e+00
1.6652222222e+01,2.5000000000e-03,8.3333333333e+00,6.6351970456e+00
1.6652222222e+01,2.5000000000e-03,1.0000000000e+01,7.8501791320e+00
1.6652222222e+01,2.5000000000e-03,1.1666666667e+01,9.0651612188e+00
1.6652222222e+01,2.5000000000e-03,1.3333333333e+01,1.0280143306e+01
1.6652222222e+01,2.5000000000e-03,1.5000000000e+01,1.1495125392e+01
1.6652222222e+01,5.0000000000e-03,0.0000000000e+00,5.6028661153e-01
1.6652222222e+01,5.0000000000e-03,1.6666666667e+00,1.7752686983e+00
1.6652222222e+01,5.0000000000e-03,3.3333333333e+00,2.9902507851e+00
1.6652222222e+01,5.0000000000e-03,5.0000000000e+00,4.2052328719e+00
1.6652222222e+01,5.0000000000e-03,6.6666666667e+00,5.4202149586e+00
1.6652222222e+01,5.0000000000e-03,8.3333333333e+00,6.6351970453e+00
1.6652222222e+01,5.0000000000e-03,1.0000000000e+01,7.8501791320e+00
1.6652222222e+01,5.0000000000e-03,1.1666666667e+01,9.0651612188e+00
1.6652222222e+01,5.0000000000e-03,1.3333333333e+01,1.0280143306e+01
1.6652222222e+01,5.0000000000e-03,1.5000000000e+01,1.1495125392e+01
1.6652222222e+01,7.5000000000e-03,0.0000000000e+00,5.6028661133e-01
1.6652222222e+01,7.5000000000e-03,1.6666666667e+00,1.7752686981e+00
1.6652222222e+01,7.5000000000e-03,3.3333333333e+00,2.9902507849e+00
1.6652222222e+01,7.5000000000e-03,5.0000000000e+00,4.2052328717e+00
1.6652222222e+01,7.5000000000e-03,6.6666666667e+00,5.4202149585e+00
1.6652222222e+01,7.5000000000e-03,8.3333333333e+00,6.6351970452e+00
1.6652222222e+01,7.5000000000e-03,1.0000000000e+01,7.8501791320e+00
1.6652222222e+01,7.5000000000e-03,1.1666666667e+01,9.0651612188e+00
1.6652222222e+01,7.5000000000e-03,1.3333333333e+01,1.0280143306e+01
1.6652222222e+01,7.5000000000e-03,1.5000000000e+01,1.1495125392e+01
1.6652222222e+01,1.0000000000e-02,0.0000000000e+00,5.6028661126e-01
1.6652222222e+01,1.0000000000e-02,1.6666666667e+00,1.7752686981e+00
1.6652222222e+01,1.0000000000e-02,3.3333333333e+00,2.9902507849e+00
1.6652222222e+01,1.0000000000e-02,5.0000000000e+00,4.2052328717e+00
1.6652222222e+01,1.0000000000e-02,6.6666666667e+00,5.4202149584e+00
1.6652222222e+01,1.0000000000e-02,8.3333333333e+00,6.6351970452e+00
1.6652222222e+01,1.0000000000e-02,1.0000000000e+01,7.8501791320e+00
1.6652222222e+01,1.0000000000e-02,1.1666666667e+01,9.0651612188e+00
1.6652222222e+01,1.0000000000e-02,1.3333333333e+01,1.0280143306e+01
1.6652222222e+01,1.0000000000e-02,1.5000000000e+01,1.1495125392e+01
1.6652222222e+01,1.2500000000e-02,0.0000000000e+00,5.6028661122e-01
1.6652222222e+01,1.2500000000e-02,1.6666666667e+00,1.7752686980e+00
1.6652222222e+01,1.2500000000e-02,3.3333333333e+00,2.9902507848e+00
1.6652222222e+01,1.2500000000e-02,5.0000000000e+00,4.2052328716e+00
1.6652222222e+01,1.2500000000e-02,6.6666666667e+00,5.4202149584e+00
1.6652222222e+01,1.2500000000e-02,8.3333333333e+00,6.6351970452e+00
1.6652222222e+01,1.2500000000e-02,1.0000000000e+01,7.8501791320e+00
1.6652222222e+01,1.2500000000e-02,1.1666666667e+01,9.0651612188e+00
1.6652222222e+01,1.2500000000e-02,1.3333333333e+01,1.0280143306e+01
1.6652222222e+01,1.2500000000e-02,1.5000000000e+01,1.1495125392e+01
1.6652222222e+01,1.5000000000e-02,0.0000000000e+00,5.6028661120e-01
1.6652222222e+01,1.5000000000e-02,1.6666666667e+00,1.7752686980e+00
1.6652222222e+01,1.5000000000e-02,3.3333333333e+00,2.9902507848e+00
1.6652222222e+01,1.5000000000e-02,5.0000000000e+00,4.2052328716e+00
1.6652222222e+01,1.5000000000e-02,6.6666666667e+00,5.4202149584e+00
1.6652222222e+01,1.5000000000e-02,8.3333333333e+00,6.6351970452e+00
1.6652222222e+01,1.5000000000e-02,1.0000000000e+01,7.8501791320e+00
1.6652222222e+01,1.5000000000e-02,1.1666666667e+01,9.0651612188e+00
1.6652222222e+01,1.5000000000e-02,1.3333333333e+01,1.0280143306e+01
1.6652222222e+01,1.5000000000e-02,1.5000000000e+01,1.1495125392e+01
1.6652222222e+01,1.7500000000e-02,0.0000000000e+00,5.6028661119e-01
1.6652222222e+01,1.7500000000e-02,1.6666666667e+00,1.7752686980e+00
1.6652222222e+01,1.7500000000e-02,3.3333333333e+00,2.9902507848e+00
1.6652222222e+01,1.7500000000e-02,5.0000000000e+00,4.2052328716e+00
1.6652222222e+01,1.7500000000e-02,6.6666666667e+00,5.4202149584e+00
1.6652222222e+01,1.7500000000e-02,8.3333333333e+00,6.6351970452e+00
1.6652222222e+01,1.7500000000e-02,1.0000000000e+01,7.8501791320e+00
1.6652222222e+01,1.7500000000e-02,1.1666666667e+01,9.0651612188e+00
1.6652222222e+01,1.7500000000e-02,1.3333333333e+01,1.0280143306e+01
1.6652222222e+01,1.7500000000e-02,1.5000000000e+01,1.1495125392e+01
1.6652222222e+01,2.0000000000e-02,0.0000000000e+00,5.6028661119e-01
1.6652222222e+01,2.0000000000e-02,1.6666666667e+00,1.7752686980e+00
1.6652222222e+01,2.0000000000e-02,3.3333333333e+00,2.9902507848e+00
1.6652222222e+01,2.0000000000e-02,5.0000000000e+00,4.2052328716e+00
1.6652222222e+01,2.0000000000e-02,6.6666666667e+00,5.4202149584e+00
1.6652222222e+01,2.0000000000e-02,8.3333333333e+00,6.6351970452e+00
1.6652222222e+01,2.0000000000e-02,1.0000000000e+01,7.8501791320e+00
1.6652222222e+01,2.0000000000e-02,1.1666666667e+01,9.0651612188e+00
1.6652222222e+01,2.0000000000e-02,1.3333333333e+01,1.0280143306e+01
1.6652222222e+01,2.0000000000e-02,1.5000000000e+01,1.1495125392e+01
1.6652222222e+01,2.2500000000e-02,0.0000000000e+00,5.6028661118e-01
1.6652222222e+01,2.2500000000e-02,1.6666666667e+00,1.7752686980e+00
1.6652222222e+01,2.2500000000e-02,3.3333333333e+00,2.9902507848e+00
1.6652222222e+01,2.2500000000e-02,5.0000000000e+00,4.2052328716e+00
1.6652222222e+01,2.2500000000e-02,6.6666666667e+00,5.4202149584e+00
1.6652222222e+01,2.2500000000e-02,8.3333333333e+00,6.6351970452e+00
1.6652222222e+01,2.2500000000e-02,1.0000000000e+01,7.8501791320e+00
1.6652222222e+01,2.2500000000e-02,1.1666666667e+01,9.0651612188e+00
1.6652222222e+01,2.2500000000e-02,1.3333333333e+01,1.0280143306e+01
1.6652222222e+01,2.2500000000e-02,1.5000000000e+01,1.1495125392e+01
1.6652222222e+01,2.5000000000e-02,0.0000000000e+00,5.6028661118e-01
1.6652222222e+01,2.5000000000e-02,1.6666666667e+00,1.7752686980e+00
1.6652222222e+01,2.5000000000e-02,3.3333333333e+00,2.9902507848e+00
1.6652222222e+01,2.5000000000e-02,5.0000000000e+00,4.2052328716e+00
1.6652222222e+01,2.5000000000e-02,6.6666666667e+00,5.4202149584e+00
1.6652222222e+01,2.5000000000e-02,8.3333333333e+00,6.6351970452e+00
1.6652222222e+01,2.5000000000e-02,1.0000000000e+01,7.8501791320e+00
1.6652222222e+01,2.5000000000e-02,1.1666666667e+01,9.0651612188e+00
1.6652222222e+01,2.5000000000e-02,1.3333333333e+01,1.0280143306e+01
1.6652222222e+01,2.5000000000e-02,1.5000000000e+01,1.1495125392e+01
1.9976666667e+01,2.5000000000e-03,0.0000000000e+00,4.3827246445e-01
1.9976666667e+01,2.5000000000e-03,1.6666666667e+00,1.6608804356e+00
1.9976666667e+01,2.5000000000e-03,3.3333333333e+00,2.8834884067e+00
1.9976666667e+01,2.5000000000e-03,5.0000000000e+00,4.1060963778e+00
1.9976666667e+01,2.5000000000e-03,6.6666666667e+00,5.3287043481e+00
1.9976666667e+01,2.5000000000e-03,8.3333333333e+00,6.5513123177e+00
1.9976666667e+01,2.5000000000e-03,1.0000000000e+01,7.7739202883e+00
1.9976666667e+01,2.5000000000e-03,1.1666666667e+01,8.9965282595e+00
1.9976666667e+01,2.5000000000e-03,1.3333333333e+01,1.0219136231e+01
1.9976666667e+01,2.5000000000e-03,1.5000000000e+01,1.1441744202e+01
1.9976666667e+01,5.0000000000e-03,0.0000000000e+00,4.3827246203e-01
1.9976666667e+01,5.0000000000e-03,1.6666666667e+00,1.6608804332e+00
1.9976666667e+01,5.0000000000e-03,3.3333333333e+00,2.8834884044e+00
1.9976666667e+01,5.0000000000e-03,5.0000000000e+00,4.1060963755e+00
1.9976666667e+01,5.0000000000e-03,6.6666666667e+00,5.3287043465e+00
1.9976666667e+01,5.0000000000e-03,8.3333333333e+00,6.5513123172e+00
1.9976666667e+01,5.0000000000e-03,1.0000000000e+01,7.7739202883e+00
1.9976666667e+01,5.0000000000e-03,1.1666666667e+01,8.9965282594e+00
1.9976666667e+01,5.0000000000e-03,1.3333333333e+01,1.0219136231e+01
1.9976666667e+01,5.0000000000e-03,1.5000000000e+01,1.1441744202e+01
1.9976666667e+01,7.5000000000e-03,0.0000000000e+00,4.3827246158e-01
1.9976666667e+01,7.5000000000e-03,1.6666666667e+00,1.6608804327e+00
1.9976666667e+01,7.5000000000e-03,3.3333333333e+00,2.8834884039e+00
1.9976666667e+01,7.5000000000e-03,5.0000000000e+00,4.1060963751e+00
1.9976666667e+01,7.5000000000e-03,6.6666666667e+00,5.3287043462e+00
1.9976666667e+01,7.5000000000e-03,8.3333333333e+00,6.5513123172e+00
1.9976666667e+01,7.5000000000e-03,1.0000000000e+01,7.7739202883e+00
1.9976666667e+01,7.5000000000e-03,1.1666666667e+01,8.9965282594e+00
1.9976666667e+01,7.5000000000e-03,1.3333333333e+01,1.0219136231e+01
1.9976666667e+01,7.5000000000e-03,1.5000000000e+01,1.1441744202e+01
1.9976666667e+01,1.0000000000e-02,0.0000000000e+00,4.3827246142e-01
1.9976666667e+01,1.0000000000e-02,1.6666666667e+00,1.6608804326e+00
1.9976666667e+01,1.0000000000e-02,3.3333333333e+00,2.8834884038e+00
1.9976666667e+01,1.0000000000e-02,5.0000000000e+00,4.1060963749e+00
1.9976666667e+01,1.0000000000e-02,6.6666666667e+00,5.3287043460e+00
1.9976666667e+01,1.0000000000e-02,8.3333333333e+00,6.5513123171e+00
1.9976666667e+01,1.0000000000e-02,1.0000000000e+01,7.7739202883e+00
1.9976666667e+01,1.0000000000e-02,1.1666666667e+01,8.9965282594e+00
1.9976666667e+01,1.0000000000e-02,1.3333333333e+01,1.0219136231e+01
1.9976666667e+01,1.0000000000e-02,1.5000000000e+01,1.1441744202e+01
1.9976666667e+01,1.2500000000e-02,0.0000000000e+00,4.3827246135e-01
1.9976666667e+01,1.2500000000e-02,1.6666666667e+00,1.6608804325e+00
1.9976666667e+01,1.2500000000e-02,3.3333333333e+00,2.8834884037e+00
1.9976666667e+01,1.2500000000e-02,5.0000000000e+00,4.1060963749e+00
1.9976666667e+01,1.2500000000e-02,6.6666666667e+00,5.3287043460e+00
1.9976666667e+01,1.2500000000e-02,8.3333333333e+00,6.5513123171e+00
1.9976666667e+01,1.2500000000e-02,1.0000000000e+01,7.7739202883e+00
1.9976666667e+01,1.2500000000e-02,1.1666666667e+01,8.9965282594e+00
1.9976666667e+01,1.2500000000e-02,1.3333333333e+01,1.0219136231e+01
1.9976666667e+01,1.2500000000e-02,1.5000000000e+01,1.1441744202e+01
1.9976666667e+01,1.5000000000e-02,0.0000000000e+00,4.3827246131e-01
1.9976666667e+01,1.5000000000e-02,1.6666666667e+00,1.6608804325e+00
1.9976666667e+01,1.5000000000e-02,3.3333333333e+00,2.8834884037e+00
1.9976666667e+01,1.5000000000e-02,5.0000000000e+00,4.1060963748e+00
1.9976666667e+01,1.5000000000e-02,6.6666666667e+00,5.3287043460e+00
1.9976666667e+01,1.5000000000e-02,8.3333333333e+00,6.5513123171e+00
1.9976666667e+01,1.5000000000e-02,1.0000000000e+01,7.7739202883e+00
1.9976666667e+01,1.5000000000e-02,1.1666666667e+01,8.9965282594e+00
1.9976666667e+01,1.5000000000e-02,1.3333333333e+01,1.0219136231e+01
1.9976666667e+01,1.5000000000e-02,1.5000000000e+01,1.1441744202e+01
1.9976666667e+01,1.7500000000e-02,0.0000000000e+00,4.3827246128e-01
1.9976666667e+01,1.7500000000e-02,1.6666666667e+00,1.6608804325e+00
1.9976666667e+01,1.7500000000e-02,3.3333333333e+00,2.8834884036e+00
1.9976666667e+01,1.7500000000e-02,5.0000000000e+00,4.1060963748e+00
1.9976666667e+01,1.7500000000e-02,6.6666666667e+00,5.3287043460e+00
1.9976666667e+01,1.7500000000e-02,8.3333333333e+00,6.5513123171e+00
1.9976666667e+01,1.7500000000e-02,1.0000000000e+01,7.7739202883e+00
1.9976666667e+01,1.7500000000e-02,1.1666666667e+01,8.9965282594e+00
1.9976666667e+01,1.7500000000e-02,1.3333333333e+01,1.0219136231e+01
1.9976666667e+01,1.7500000000e-02,1.5000000000e+01,1.1441744202e+01
1.9976666667e+01,2.0000000000e-02,0.0000000000e+00,4.3827246127e-01
1.9976666667e+01,2.0000000000e-02,1.6666666667e+00,1.6608804324e+00
1.9976666667e+01,2.0000000000e-02,3.3333333333e+00,2.8834884036e+00
1.9976666667e+01,2.0000000000e-02,5.0000000000e+00,4.1060963748e+00
1.9976666667e+01,2.0000000000e-02,6.6666666667e+00,5.3287043459e+00
1.9976666667e+01,2.0000000000e-02,8.3333333333e+00,6.5513123171e+00
1.9976666667e+01,2.0000000000e-02,1.0000000000e+01,7.7739202883e+00
1.9976666667e+01,2.0000000000e-02,1.1666666667e+01,8.9965282594e+00
1.9976666667e+01,2.0000000000e-02,1.3333333333e+01,1.0219136231e+01
1.9976666667e+01,2.0000000000e-02,1.5000000000e+01,1.1441744202e+01
1.9976666667e+01,2.2500000000e-02,0.0000000000e+00,4.3827246126e-01
1.9976666667e+01,2.2500000000e-02,1.6666666667e+00,1.6608804324e+00
1.9976666667e+01,2.2500000000e-02,3.3333333333e+00,2.8834884036e+00
1.9976666667e+01,2.2500000000e-02,5.0000000000e+00,4.1060963748e+00
1.9976666667e+01,2.2500000000e-02,6.6666666667e+00,5.3287043459e+00
1.9976666667e+01,2.2500000000e-02,8.3333333333e+00,6.5513123171e+00
1.9976666667e+01,2.2500000000e-02,1.0000000000e+01,7.7739202883e+00
1.9976666667e+01,2.2500000000e-02,1.1666666667e+01,8.9965282594e+00
1.9976666667e+01,2.2500000000e-02,1.3333333333e+01,1.0219136231e+01
1.9976666667e+01,2.2500000000e-02,1.5000000000e+01,1.1441744202e+01
1.9976666667e+01,2.5000000000e-02,0.0000000000e+00,4.3827246125e-01
1.9976666667e+01,2.5000000000e-02,1.6666666667e+00,1.6608804324e+00
1.9976666667e+01,2.5000000000e-02,3.3333333333e+00,2.8834884036e+00
1.9976666667e+01,2.5000000000e-02,5.0000000000e+00,4.1060963748e+00
1.9976666667e+01,2.5000000000e-02,6.6666666667e+00,5.3287043459e+00
1.9976666667e+01,2.5000000000e-02,8.3333333333e+00,6.5513123171e+00
1.9976666667e+01,2.5000000000e-02,1.0000000000e+01,7.7739202883e+00
1.9976666667e+01,2.5000000000e-02,1.1666666667e+01,8.9965282594e+00
1.9976666667e+01,2.5000000000e-02,1.3333333333e+01,1.0219136231e+01
1.9976666667e+01,2.5000000000e-02,1.5000000000e+01,1.1441744202e+01
2.3301111111e+01,2.5000000000e-03,0.0000000000e+00,2.7447109973e-01
2.3301111111e+01,2.5000000000e-03,1.6666666667e+00,1.5073166564e+00
2.3301111111e+01,2.5000000000e-03,3.3333333333e+00,2.7401622129e+00
2.3301111111e+01,2.5000000000e-03,5.0000000000e+00,3.9730077694e+00
2.3301111111e+01,2.5000000000e-03,6.6666666667e+00,5.2058533240e+00
2.3301111111e+01,2.5000000000e-03,8.3333333333e+00,6.4386988769e+00
2.3301111111e+01,2.5000000000e-03,1.0000000000e+01,7.6715444327e+00
2.3301111111e+01,2.5000000000e-03,1.1666666667e+01,8.9043899894e+00
2.3301111111e+01,2.5000000000e-03,1.3333333333e+01,1.0137235546e+01
2.3301111111e+01,2.5000000000e-03,1.5000000000e+01,1.1370081103e+01
2.3301111111e+01,5.0000000000e-03,0.0000000000e+00,2.7447109409e-01
2.3301111111e+01,5.0000000000e-03,1.6666666667e+00,1.5073166508e+00
2.3301111111e+01,5.0000000000e-03,3.3333333333e+00,2.7401622075e+00
2.3301111111e+01,5.0000000000e-03,5.0000000000e+00,3.9730077642e+00
2.3301111111e+01,5.0000000000e-03,6.6666666667e+00,5.2058533204e+00
2.3301111111e+01,5.0000000000e-03,8.3333333333e+00,6.4386988762e+00
2.3301111111e+01,5.0000000000e-03,1.0000000000e+01,7.6715444326e+00
2.3301111111e+01,5.0000000000e-03,1.1666666667e+01,8.9043899894e+00
2.3301111111e+01,5.0000000000e-03,1.3333333333e+01,1.0137235546e+01
2.3301111111e+01,5.0000000000e-03,1.5000000000e+01,1.1370081103e+01
2.3301111111e+01,7.5000000000e-03,0.0000000000e+00,2.7447109305e-01
2.3301111111e+01,7.5000000000e-03,1.6666666667e+00,1.5073166498e+00
2.3301111111e+01,7.5000000000e-03,3.3333333333e+00,2.7401622065e+00
2.3301111111e+01,7.5000000000e-03,5.0000000000e+00,3.9730077632e+00
2.3301111111e+01,7.5000000000e-03,6.6666666667e+00,5.2058533197e+00
2.3301111111e+01,7.5000000000e-03,8.3333333333e+00,6.4386988760e+00
2.3301111111e+01,7.5000000000e-03,1.0000000000e+01,7.6715444326e+00
2.3301111111e+01,7.5000000000e-03,1.1666666667e+01,8.9043899894e+00
2.3301111111e+01,7.5000000000e-03,1.3333333333e+01,1.0137235546e+01
2.3301111111e+01,7.5000000000e-03,1.5000000000e+01,1.1370081103e+01
2.3301111111e+01,1.0000000000e-02,0.0000000000e+00,2.7447109269e-01
2.3301111111e+01,1.0000000000e-02,1.6666666667e+00,1.5073166494e+00
2.3301111111e+01,1.0000000000e-02,3.3333333333e+00,2.7401622061e+00
2.3301111111e+01,1.0000000000e-02,5.0000000000e+00,3.9730077629e+00
2.3301111111e+01,1.0000000000e-02,6.6666666667e+00,5.2058533195e+00
2.3301111111e+01,1.0000000000e-02,8.3333333333e+00,6.4386988760e+00
2.3301111111e+01,1.0000000000e-02,1.0000000000e+01,7.6715444326e+00
2.3301111111e+01,1.0000000000e-02,1.1666666667e+01,8.9043899894e+00
2.3301111111e+01,1.0000000000e-02,1.3333333333e+01,1.0137235546e+01
2.3301111111e+01,1.0000000000e-02,1.5000000000e+01,1.1370081103e+01
2.3301111111e+01,1.2500000000e-02,0.0000000000e+00,2.7447109252e-01
2.3301111111e+01,1.2500000000e-02,1.6666666667e+00,1.5073166493e+00
2.3301111111e+01,1.2500000000e-02,3.3333333333e+00,2.7401622060e+00
2.3301111111e+01,1.2500000000e-02,5.0000000000e+00,3.9730077627e+00
2.3301111111e+01,1.2500000000e-02,6.6666666667e+00,5.2058533194e+00
2.3301111111e+01,1.2500000000e-02,8.3333333333e+00,6.4386988759e+00
2.3301111111e+01,1.2500000000e-02,1.0000000000e+01,7.6715444326e+00
2.3301111111e+01,1.2500000000e-02,1.1666666667e+01,8.9043899894e+00
2.3301111111e+01,1.2500000000e-02,1.3333333333e+01,1.0137235546e+01
2.3301111111e+01,1.2500000000e-02,1.5000000000e+01,1.1370081103e+01
2.3301111111e+01,1.5000000000e-02,0.0000000000e+00,2.7447109242e-01
2.3301111111e+01,1.5000000000e-02,1.6666666667e+00,1.5073166492e+00
2.3301111111e+01,1.5000000000e-02,3.3333333333e+00,2.7401622059e+00
2.3301111111e+01,1.5000000000e-02,5.0000000000e+00,3.9730077626e+00
2.3301111111e+01,1.5000000000e-02,6.6666666667e+00,5.2058533193e+00
2.3301111111e+01,1.5000000000e-02,8.3333333333e+00,6.4386988759e+00
2.3301111111e+01,1.5000000000e-02,1.0000000000e+01,7.6715444326e+00
2.3301111111e+01,1.5000000000e-02,1.1666666667e+01,8.9043899894e+00
2.3301111111e+01,1.5000000000e-02,1.3333333333e+01,1.0137235546e+01
2.3301111111e+01,1.5000000000e-02,1.5000000000e+01,1.1370081103e+01
2.3301111111e+01,1.7500000000e-02,0.0000000000e+00,2.7447109237e-01
2.3301111111e+01,1.7500000000e-02,1.6666666667e+00,1.5073166491e+00
2.3301111111e+01,1.7500000000e-02,3.3333333333e+00,2.7401622058e+00
2.3301111111e+01,1.7500000000e-02,5.0000000000e+00,3.9730077626e+00
2.3301111111e+01,1.7500000000e-02,6.6666666667e+00,5.2058533193e+00
2.3301111111e+01,1.7500000000e-02,8.3333333333e+00,6.4386988759e+00
2.3301111111e+01,1.7500000000e-02,1.0000000000e+01,7.6715444326e+00
2.3301111111e+01,1.7500000000e-02,1.1666666667e+01,8.9043899894e+00
2.3301111111e+01,1.7500000000e-02,1.3333333333e+01,1.0137235546e+01
2.3301111111e+01,1.7500000000e-02,1.5000000000e+01,1.1370081103e+01
2.3301111111e+01,2.0000000000e-02,0.0000000000e+00,2.7447109233e-01
2.3301111111e+01,2.0000000000e-02,1.6666666667e+00,1.5073166491e+00
2.3301111111e+01,2.0000000000e-02,3.3333333333e+00,2.7401622058e+00
2.3301111111e+01,2.0000000000e-02,5.0000000000e+00,3.9730077625e+00
2.3301111111e+01,2.0000000000e-02,6.6666666667e+00,5.2058533192e+00
2.3301111111e+01,2.0000000000e-02,8.3333333333e+00,6.4386988759e+00
2.3301111111e+01,2.0000000000e-02,1.0000000000e+01,7.6715444326e+00
2.3301111111e+01,2.0000000000e-02,1.1666666667e+01,8.9043899894e+00
2.3301111111e+01,2.0000000000e-02,1.3333333333e+01,1.0137235546e+01
2.3301111111e+01,2.0000000000e-02,1.5000000000e+01,1.1370081103e+01
2.3301111111e+01,2.2500000000e-02,0.0000000000e+00,2.7447109231e-01
2.3301111111e+01,2.2500000000e-02,1.6666666667e+00,1.5073166490e+00
2.3301111111e+01,2.2500000000e-02,3.3333333333e+00,2.7401622058e+00
2.3301111111e+01,2.2500000000e-02,5.0000000000e+00,3.9730077625e+00
2.3301111111e+01,2.2500000000e-02,6.6666666667e+00,5.2058533192e+00
2.3301111111e+01,2.2500000000e-02,8.3333333333e+00,6.4386988759e+00
2.3301111111e+01,2.2500000000e-02,1.0000000000e+01,7.6715444326e+00
2.3301111111e+01,2.2500000000e-02,1.1666666667e+01,8.9043899894e+00
2.3301111111e+01,2.2500000000e-02,1.3333333333e+01,1.0137235546e+01
2.3301111111e+01,2.2500000000e-02,1.5000000000e+01,1.1370081103e+01
2.3301111111e+01,2.5000000000e-02,0.0000000000e+00,2.7447109229e-01
2.3301111111e+01,2.5000000000e-02,1.6666666667e+00,1.5073166490e+00
2.3301111111e+01,2.5000000000e-02,3.3333333333e+00,2.7401622058e+00
2.3301111111e+01,2.5000000000e-02,5.0000000000e+00,3.9730077625e+00
2.3301111111e+01,2.5000000000e-02,6.6666666667e+00,5.2058533192e+00
2.3301111111e+01,2.5000000000e-02,8.3333333333e+00,6.4386988759e+00
2.3301111111e+01,2.5000000000e-02,1.0000000000e+01,7.6715444326e+00
2.3301111111e+01,2.5000000000e-02,1.1666666667e+01,8.9043899894e+00
2.3301111111e+01,2.5000000000e-02,1.3333333333e+01,1.0137235546e+01
2.3301111111e+01,2.5000000000e-02,1.5000000000e+01,1.1370081103e+01
2.6625555556e+01,2.5000000000e-03,0.0000000000e+00,2.0546662561e-01
2.6625555556e+01,2.5000000000e-03,1.6666666667e+00,1.4426249624e+00
2.6625555556e+01,2.5000000000e-03,3.3333333333e+00,2.6797832989e+00
2.6625555556e+01,2.5000000000e-03,5.0000000000e+00,3.9169416353e+00
2.6625555556e+01,2.5000000000e-03,6.6666666667e+00,5.1540999668e+00
2.6625555556e+01,2.5000000000e-03,8.3333333333e+00,6.3912582949e+00
2.6625555556e+01,2.5000000000e-03,1.0000000000e+01,7.6284166303e+00
2.6625555556e+01,2.5000000000e-03,1.1666666667e+01,8.8655749672e+00
2.6625555556e+01,2.5000000000e-03,1.3333333333e+01,1.0102733304e+01
2.6625555556e+01,2.5000000000e-03,1.5000000000e+01,1.1339891641e+01
2.6625555556e+01,5.0000000000e-03,0.0000000000e+00,2.0546661265e-01
2.6625555556e+01,5.0000000000e-03,1.6666666667e+00,1.4426249496e+00
2.6625555556e+01,5.0000000000e-03,3.3333333333e+00,2.6797832864e+00
2.6625555556e+01,5.0000000000e-03,5.0000000000e+00,3.9169416233e+00
2.6625555556e+01,5.0000000000e-03,6.6666666667e+00,5.1540999589e+00
2.6625555556e+01,5.0000000000e-03,8.3333333333e+00,6.3912582937e+00
2.6625555556e+01,5.0000000000e-03,1.0000000000e+01,7.6284166302e+00
2.6625555556e+01,5.0000000000e-03,1.1666666667e+01,8.8655749672e+00
2.6625555556e+01,5.0000000000e-03,1.3333333333e+01,1.0102733304e+01
2.6625555556e+01,5.0000000000e-03,1.5000000000e+01,1.1339891641e+01
2.6625555556e+01,7.5000000000e-03,0.0000000000e+00,2.0546661025e-01
2.6625555556e+01,7.5000000000e-03,1.6666666667e+00,1.4426249472e+00
2.6625555556e+01,7.5000000000e-03,3.3333333333e+00,2.6797832841e+00
2.6625555556e+01,7.5000000000e-03,5.0000000000e+00,3.9169416210e+00
2.6625555556e+01,7.5000000000e-03,6.6666666667e+00,5.1540999574e+00
2.6625555556e+01,7.5000000000e-03,8.3333333333e+00,6.3912582934e+00
2.6625555556e+01,7.5000000000e-03,1.0000000000e+01,7.6284166302e+00
2.6625555556e+01,7.5000000000e-03,1.1666666667e+01,8.8655749672e+00
2.6625555556e+01,7.5000000000e-03,1.3333333333e+01,1.0102733304e+01
2.6625555556e+01,7.5000000000e-03,1.5000000000e+01,1.1339891641e+01
2.6625555556e+01,1.0000000000e-02,0.0000000000e+00,2.0546660941e-01
2.6625555556e+01,1.0000000000e-02,1.6666666667e+00,1.4426249464e+00
2.6625555556e+01,1.0000000000e-02,3.3333333333e+00,2.6797832833e+00
2.6625555556e+01,1.0000000000e-02,5.0000000000e+00,3.9169416203e+00
2.6625555556e+01,1.0000000000e-02,6.6666666667e+00,5.1540999569e+00
2.6625555556e+01,1.0000000000e-02,8.3333333333e+00,6.3912582933e+00
2.6625555556e+01,1.0000000000e-02,1.0000000000e+01,7.6284166302e+00
2.6625555556e+01,1.0000000000e-02,1.1666666667e+01,8.8655749672e+00
2.6625555556e+01,1.0000000000e-02,1.3333333333e+01,1.0102733304e+01
2.6625555556e+01,1.0000000000e-02,1.5000000000e+01,1.1339891641e+01
2.6625555556e+01,1.2500000000e-02,0.0000000000e+00,2.0546660902e-01
2.6625555556e+01,1.2500000000e-02,1.6666666667e+00,1.4426249460e+00
2.6625555556e+01,1.2500000000e-02,3.3333333333e+00,2.6797832830e+00
2.6625555556e+01,1.2500000000e-02,5.0000000000e+00,3.9169416199e+00
2.6625555556e+01,1.2500000000e-02,6.6666666667e+00,5.1540999567e+00
2.6625555556e+01,1.2500000000e-02,8.3333333333e+00,6.3912582933e+00
2.6625555556e+01,1.2500000000e-02,1.0000000000e+01,7.6284166302e+00
2.6625555556e+01,1.2500000000e-02,1.1666666667e+01,8.8655749672e+00
2.6625555556e+01,1.2500000000e-02,1.3333333333e+01,1.0102733304e+01
2.6625555556e+01,1.2500000000e-02,1.5000000000e+01,1.1339891641e+01
2.6625555556e+01,1.5000000000e-02,0.0000000000e+00,2.0546660881e-01
2.6625555556e+01,1.5000000000e-02,1.6666666667e+00,1.4426249458e+00
2.6625555556e+01,1.5000000000e-02,3.3333333333e+00,2.6797832827e+00
2.6625555556e+01,1.5000000000e-02,5.0000000000e+00,3.9169416197e+00
2.6625555556e+01,1.5000000000e-02,6.6666666667e+00,5.1540999565e+00
2.6625555556e+01,1.5000000000e-02,8.3333333333e+00,6.3912582933e+00
2.6625555556e+01,1.5000000000e-02,1.0000000000e+01,7.6284166302e+00
2.6625555556e+01,1.5000000000e-02,1.1666666667e+01,8.8655749672e+00
2.6625555556e+01,1.5000000000e-02,1.3333333333e+01,1.0102733304e+01
2.6625555556e+01,1.5000000000e-02,1.5000000000e+01,1.1339891641e+01
2.6625555556e+01,1.7500000000e-02,0.0000000000e+00,2.0546660868e-01
2.6625555556e+01,1.7500000000e-02,1.6666666667e+00,1.4426249457e+00
2.6625555556e+01,1.7500000000e-02,3.3333333333e+00,2.6797832826e+00
2.6625555556e+01,1.7500000000e-02,5.0000000000e+00,3.9169416196e+00
2.6625555556e+01,1.7500000000e-02,6.6666666667e+00,5.1540999565e+00
2.6625555556e+01,1.7500000000e-02,8.3333333333e+00,6.3912582933e+00
2.6625555556e+01,1.7500000000e-02,1.0000000000e+01,7.6284166302e+00
2.6625555556e+01,1.7500000000e-02,1.1666666667e+01,8.8655749672e+00
2.6625555556e+01,1.7500000000e-02,1.3333333333e+01,1.0102733304e+01
2.6625555556e+01,1.7500000000e-02,1.5000000000e+01,1.1339891641e+01
2.6625555556e+01,2.0000000000e-02,0.0000000000e+00,2.0546660860e-01
2.6625555556e+01,2.0000000000e-02,1.6666666667e+00,1.4426249456e+00
2.6625555556e+01,2.0000000000e-02,3.3333333333e+00,2.6797832825e+00
2.6625555556e+01,2.0000000000e-02,5.0000000000e+00,3.9169416195e+00
2.6625555556e+01,2.0000000000e-02,6.6666666667e+00,5.1540999564e+00
2.6625555556e+01,2.0000000000e-02,8.3333333333e+00,6.3912582933e+00
2.6625555556e+01,2.0000000000e-02,1.0000000000e+01,7.6284166302e+00
2.6625555556e+01,2.0000000000e-02,1.1666666667e+01,8.8655749672e+00
2.6625555556e+01,2.0000000000e-02,1.3333333333e+01,1.0102733304e+01
2.6625555556e+01,2.0000000000e-02,1.5000000000e+01,1.1339891641e+01
2.6625555556e+01,2.2500000000e-02,0.0000000000e+00,2.0546660854e-01
2.6625555556e+01,2.2500000000e-02,1.6666666667e+00,1.4426249455e+00
2.6625555556e+01,2.2500000000e-02,3.3333333333e+00,2.6797832825e+00
2.6625555556e+01,2.2500000000e-02,5.0000000000e+00,3.9169416195e+00
2.6625555556e+01,2.2500000000e-02,6.6666666667e+00,5.1540999564e+00
2.6625555556e+01,2.2500000000e-02,8.3333333333e+00,6.3912582932e+00
2.6625555556e+01,2.2500000000e-02,1.0000000000e+01,7.6284166302e+00
2.6625555556e+01,2.2500000000e-02,1.1666666667e+01,8.8655749672e+00
2.6625555556e+01,2.2500000000e-02,1.3333333333e+01,1.0102733304e+01
2.6625555556e+01,2.2500000000e-02,1.5000000000e+01,1.1339891641e+01
2.6625555556e+01,2.5000000000e-02,0.0000000000e+00,2.0546660850e-01
2.6625555556e+01,2.5000000000e-02,1.6666666667e+00,1.4426249455e+00
2.6625555556e+01,2.5000000000e-02,3.3333333333e+00,2.6797832825e+00
2.6625555556e+01,2.5000000000e-02,5.0000000000e+00,3.9169416194e+00
2.6625555556e+01,2.5000000000e-02,6.6666666667e+00,5.1540999564e+00
2.6625555556e+01,2.5000000000e-02,8.3333333333e+00,6.3912582932e+00
2.6625555556e+01,2.5000000000e-02,1.0000000000e+01,7.6284166302e+00
2.6625555556e+01,2.5000000000e-02,1.1666666667e+01,8.8655749672e+00
2.6625555556e+01,2.5000000000e-02,1.3333333333e+01,1.0102733304e+01
2.6625555556e+01,2.5000000000e-02,1.5000000000e+01,1.1339891641e+01
2.9950000000e+01,2.5000000000e-03,0.0000000000e+00,1.7426341306e-01
2.9950000000e+01,2.5000000000e-03,1.6666666667e+00,1.4133719517e+00
2.9950000000e+01,2.5000000000e-03,3.3333333333e+00,2.6524804895e+00
2.9950000000e+01,2.5000000000e-03,5.0000000000e+00,3.8915890276e+00
2.9950000000e+01,2.5000000000e-03,6.6666666667e+00,5.1306975535e+00
2.9950000000e+01,2.5000000000e-03,8.3333333333e+00,6.3698060731e+00
2.9950000000e+01,2.5000000000e-03,1.0000000000e+01,7.6089146095e+00
2.9950000000e+01,2.5000000000e-03,1.1666666667e+01,8.8480231485e+00
2.9950000000e+01,2.5000000000e-03,1.3333333333e+01,1.0087131688e+01
2.9950000000e+01,2.5000000000e-03,1.5000000000e+01,1.1326240227e+01
2.9950000000e+01,5.0000000000e-03,0.0000000000e+00,1.7426338455e-01
2.9950000000e+01,5.0000000000e-03,1.6666666667e+00,1.4133719235e+00
2.9950000000e+01,5.0000000000e-03,3.3333333333e+00,2.6524804623e+00
2.9950000000e+01,5.0000000000e-03,5.0000000000e+00,3.8915890011e+00
2.9950000000e+01,5.0000000000e-03,6.6666666667e+00,5.1306975368e+00
2.9950000000e+01,5.0000000000e-03,8.3333333333e+00,6.3698060710e+00
2.9950000000e+01,5.0000000000e-03,1.0000000000e+01,7.6089146094e+00
2.9950000000e+01,5.0000000000e-03,1.1666666667e+01,8.8480231485e+00
2.9950000000e+01,5.0000000000e-03,1.3333333333e+01,1.0087131688e+01
2.9950000000e+01,5.0000000000e-03,1.5000000000e+01,1.1326240227e+01
2.9950000000e+01,7.5000000000e-03,0.0000000000e+00,1.7426337927e-01
2.9950000000e+01,7.5000000000e-03,1.6666666667e+00,1.4133719183e+00
2.9950000000e+01,7.5000000000e-03,3.3333333333e+00,2.6524804572e+00
2.9950000000e+01,7.5000000000e-03,5.0000000000e+00,3.8915889962e+00
2.9950000000e+01,7.5000000000e-03,6.6666666667e+00,5.1306975338e+00
2.9950000000e+01,7.5000000000e-03,8.3333333333e+00,6.3698060707e+00
2.9950000000e+01,7.5000000000e-03,1.0000000000e+01,7.6089146094e+00
2.9950000000e+01,7.5000000000e-03,1.1666666667e+01,8.8480231485e+00
2.9950000000e+01,7.5000000000e-03,1.3333333333e+01,1.0087131688e+01
2.9950000000e+01,7.5000000000e-03,1.5000000000e+01,1.1326240227e+01
2.9950000000e+01,1.0000000000e-02,0.0000000000e+00,1.7426337743e-01
2.9950000000e+01,1.0000000000e-02,1.6666666667e+00,1.4133719165e+00
2.9950000000e+01,1.0000000000e-02,3.3333333333e+00,2.6524804554e+00
2.9950000000e+01,1.0000000000e-02,5.0000000000e+00,3.8915889944e+00
2.9950000000e+01,1.0000000000e-02,6.6666666667e+00,5.1306975327e+00
2.9950000000e+01,1.0000000000e-02,8.3333333333e+00,6.3698060705e+00
2.9950000000e+01,1.0000000000e-02,1.0000000000e+01,7.6089146094e+00
2.9950000000e+01,1.0000000000e-02,1.1666666667e+01,8.8480231485e+00
2.9950000000e+01,1.0000000000e-02,1.3333333333e+01,1.0087131688e+01
2.9950000000e+01,1.0000000000e-02,1.5000000000e+01,1.1326240227e+01
2.9950000000e+01,1.2500000000e-02,0.0000000000e+00,1.7426337657e-01
2.9950000000e+01,1.2500000000e-02,1.6666666667e+00,1.4133719156e+00
2.9950000000e+01,1.2500000000e-02,3.3333333333e+00,2.6524804546e+00
2.9950000000e+01,1.2500000000e-02,5.0000000000e+00,3.8915889936e+00
2.9950000000e+01,1.2500000000e-02,6.6666666667e+00,5.1306975322e+00
2.9950000000e+01,1.2500000000e-02,8.3333333333e+00,6.3698060705e+00
2.9950000000e+01,1.2500000000e-02,1.0000000000e+01,7.6089146094e+00
2.9950000000e+01,1.2500000000e-02,1.1666666667e+01,8.8480231485e+00
2.9950000000e+01,1.2500000000e-02,1.3333333333e+01,1.0087131688e+01
2.9950000000e+01,1.2500000000e-02,1.5000000000e+01,1.1326240227e+01
2.9950000000e+01,1.5000000000e-02,0.0000000000e+00,1.7426337611e-01
2.9950000000e+01,1.5000000000e-02,1.6666666667e+00,1.4133719152e+00
2.9950000000e+01,1.5000000000e-02,3.3333333333e+00,2.6524804542e+00
2.9950000000e+01,1.5000000000e-02,5.0000000000e+00,3.8915889932e+00
2.9950000000e+01,1.5000000000e-02,6.6666666667e+00,5.1306975319e+00
2.9950000000e+01,1.5000000000e-02,8.3333333333e+00,6.3698060704e+00
2.9950000000e+01,1.5000000000e-02,1.0000000000e+01,7.6089146094e+00
2.9950000000e+01,1.5000000000e-02,1.1666666667e+01,8.8480231485e+00
2.9950000000e+01,1.5000000000e-02,1.3333333333e+01,1.0087131688e+01
2.9950000000e+01,1.5000000000e-02,1.5000000000e+01,1.1326240227e+01
2.9950000000e+01,1.7500000000e-02,0.0000000000e+00,1.7426337583e-01
2.9950000000e+01,1.7500000000e-02,1.6666666667e+00,1.4133719149e+00
2.9950000000e+01,1.7500000000e-02,3.3333333333e+00,2.6524804539e+00
2.9950000000e+01,1.7500000000e-02,5.0000000000e+00,3.8915889930e+00
2.9950000000e+01,1.7500000000e-02,6.6666666667e+00,5.1306975317e+00
2.9950000000e+01,1.7500000000e-02,8.3333333333e+00,6.3698060704e+00
2.9950000000e+01,1.7500000000e-02,1.0000000000e+01,7.6089146094e+00
2.9950000000e+01,1.7500000000e-02,1.1666666667e+01,8.8480231485e+00
2.9950000000e+01,1.7500000000e-02,1.3333333333e+01,1.0087131688e+01
2.9950000000e+01,1.7500000000e-02,1.5000000000e+01,1.1326240227e+01
2.9950000000e+01,2.0000000000e-02,0.0000000000e+00,1.7426337564e-01
2.9950000000e+01,2.0000000000e-02,1.6666666667e+00,1.4133719147e+00
2.9950000000e+01,2.0000000000e-02,3.3333333333e+00,2.6524804537e+00
2.9950000000e+01,2.0000000000e-02,5.0000000000e+00,3.8915889928e+00
2.9950000000e+01,2.0000000000e-02,6.6666666667e+00,5.1306975316e+00
2.9950000000e+01,2.0000000000e-02,8.3333333333e+00,6.3698060704e+00
2.9950000000e+01,2.0000000000e-02,1.0000000000e+01,7.6089146094e+00
2.9950000000e+01,2.0000000000e-02,1.1666666667e+01,8.8480231485e+00
2.9950000000e+01,2.0000000000e-02,1.3333333333e+01,1.0087131688e+01
2.9950000000e+01,2.0000000000e-02,1.5000000000e+01,1.1326240227e+01
2.9950000000e+01,2.2500000000e-02,0.0000000000e+00,1.7426337552e-01
2.9950000000e+01,2.2500000000e-02,1.6666666667e+00,1.4133719146e+00
2.9950000000e+01,2.2500000000e-02,3.3333333333e+00,2.6524804536e+00
2.9950000000e+01,2.2500000000e-02,5.0000000000e+00,3.8915889927e+00
2.9950000000e+01,2.2500000000e-02,6.6666666667e+00,5.1306975316e+00
2.9950000000e+01,2.2500000000e-02,8.3333333333e+00,6.3698060704e+00
2.9950000000e+01,2.2500000000e-02,1.0000000000e+01,7.6089146094e+00
2.9950000000e+01,2.2500000000e-02,1.1666666667e+01,8.8480231485e+00
2.9950000000e+01,2.2500000000e-02,1.3333333333e+01,1.0087131688e+01
2.9950000000e+01,2.2500000000e-02,1.5000000000e+01,1.1326240227e+01
2.9950000000e+01,2.5000000000e-02,0.0000000000e+00,1.7426337543e-01
2.9950000000e+01,2.5000000000e-02,1.6666666667e+00,1.4133719145e+00
2.9950000000e+01,2.5000000000e-02,3.3333333333e+00,2.6524804535e+00
2.9950000000e+01,2.5000000000e-02,5.0000000000e+00,3.8915889926e+00
2.9950000000e+01,2.5000000000e-02,6.6666666667e+00,5.1306975315e+00
2.9950000000e+01,2.5000000000e-02,8.3333333333e+00,6.3698060704e+00
2.9950000000e+01,2.5000000000e-02,1.0000000000e+01,7.6089146094e+00
2.9950000000e+01,2.5000000000e-02,1.1666666667e+01,8.8480231485e+00
2.9950000000e+01,2.5000000000e-02,1.3333333333e+01,1.0087131688e+01
2.9950000000e+01,2.5000000000e-02,1.5000000000e+01,1.1326240227e+01
